-- phpMyAdmin SQL Dump
-- version 3.2.4
-- http://www.phpmyadmin.net
--
-- Host: localhost
-- Generation Time: Feb 10, 2013 at 04:29 PM
-- Server version: 5.1.41
-- PHP Version: 5.3.1

SET SQL_MODE="NO_AUTO_VALUE_ON_ZERO";


/*!40101 SET @OLD_CHARACTER_SET_CLIENT=@@CHARACTER_SET_CLIENT */;
/*!40101 SET @OLD_CHARACTER_SET_RESULTS=@@CHARACTER_SET_RESULTS */;
/*!40101 SET @OLD_COLLATION_CONNECTION=@@COLLATION_CONNECTION */;
/*!40101 SET NAMES utf8 */;

--
-- Database: `tracking`
--

-- --------------------------------------------------------

--
-- Table structure for table `devices`
--

CREATE TABLE IF NOT EXISTS `devices` (
  `id` int(11) NOT NULL AUTO_INCREMENT,
  `nopol` varchar(12) NOT NULL,
  `deviceid` varchar(10) NOT NULL,
  `idkategori` int(11) NOT NULL,
  `idpetugas` int(11) NOT NULL,
  `nolambung` varchar(10) NOT NULL,
  `msisdn` varchar(30) NOT NULL,
  `passgps` varchar(15) NOT NULL,
  `disabled` int(11) NOT NULL,
  PRIMARY KEY (`id`),
  KEY `nopol` (`nopol`,`deviceid`),
  KEY `nolambung` (`nolambung`),
  KEY `disabled` (`disabled`)
) ENGINE=MyISAM  DEFAULT CHARSET=latin1 AUTO_INCREMENT=122 ;

--
-- Dumping data for table `devices`
--

INSERT INTO `devices` (`id`, `nopol`, `deviceid`, `idkategori`, `idpetugas`, `nolambung`, `msisdn`, `passgps`, `disabled`) VALUES
(1, 'X-1108-33', 'IWA059', 1, 1, '98-01', '081330603034', '493350', 0),
(2, 'X-1103-33', 'IWA060', 1, 1016, '98-04', '081330685263', '482656', 0),
(3, 'X-1109-33', 'IWA014', 1, 3, '98-03', '081330506883', '616265', 0),
(4, 'X-1107-33', 'IWA115', 1, 7, '98-02', '081330507223', '713770', 0),
(5, 'N424BJ', 'IWA019', 6, 999, '-', '082143726095', '140800', 0),
(6, 'X-1105-33', 'IWA056', 1, 2, '98-05', '081330623562', '354510', 0),
(7, 'X-2402-33', 'IWA062', 5, 1081, 'L-81 ', 'N 08113657891', '378928', 0),
(8, 'X-2102-33', 'IWA125', 5, 1080, 'K-81 ', '081235976379', '565811', 0),
(10, '1136-33', 'IWA074', 2, 1003, 'BM-02A', '081330678242', '935562', 0),
(11, '1124-33', 'IWA096', 2, 1004, 'BM-02', '08113657925', '565645', 0),
(12, '1137-33', 'IWA005', 2, 1008, 'BM-01A', '081330677105', '343702', 0),
(13, '1123-33', 'IWA156', 2, 1009, 'BM-01', '081330677369', '968849', 0),
(14, 'X-2202-33', 'IWA182', 5, 1010, 'B-81 ', 'N 147 08113657934', '674133', 0),
(15, 'X-2502-33', 'IWA197', 5, 1011, 'S-81 ', 'N 081330608619', '263549', 0),
(16, 'X-2501-33', 'IWA198', 5, 1098, 'S-81 A', '081336406152', '117652', 0),
(17, 'DK1672IP', 'IWA195', 7, 1013, 'HILUX', '08113657930', '', 0),
(18, 'KT8060CJ', 'IWA187', 7, 1014, '', '081336406130', '761154', 0),
(19, '901-33', 'IWA196', 8, 1015, '11.0', '081330330747', '519668', 0),
(20, 'X-1110-33', 'IWA160', 1, 1018, 'M.93', '081336406270', '706626', 0),
(21, 'AB 1229 HE', 'IWA146', 9, 1017, 'KIJANG', '081330662535', '928644', 0),
(22, 'X-1002-33', 'IWA142', 3, 1019, 'Tombak III', '08113657872', '122110', 0),
(24, 'N 2872 BX', 'IWA190', 11, 1020, 'Revo', '081336406142', '', 0),
(25, 'N 2028 CX', 'IWA181', 11, 1021, 'Revo', 'N 08113657927', '894025', 0),
(26, 'X-1028-33', 'IWA186', 4, 1025, 'Tombak IV ', '081336406140', '800143', 0),
(27, 'N 2894 BX', 'IWA193', 11, 1107, 'Revo', 'N 0811365791', '979286', 0),
(29, 'N 2035 CX', 'IWA200', 11, 1023, 'Revo', 'N 081330671846', '978379', 0),
(30, 'X-1027-33', 'IWA183', 4, 1022, 'Tombak III', 'N 08113657866', '490181', 0),
(31, 'N 2019 CX', 'IWA138', 18, 1028, 'Revo', '081235976395', '966286', 0),
(32, 'N 2018 CX', 'IWA123', 18, 1029, 'Revo', '081235976397', '642583', 0),
(33, 'N 2891 BX', 'IWA167', 17, 1030, 'Revo', '082143801697', '513504', 0),
(34, 'N 2008 CX', 'IWA127', 18, 1031, 'Revo', 'N 08113657896', '225195', 0),
(35, 'N 2017 CX', 'IWA194', 18, 1032, 'Revo', 'N 08113657880', '588393', 0),
(36, 'N 2005 CX', 'IWA157', 18, 1024, 'Revo', 'N 08113657935', '989474', 0),
(37, 'N 2873 BX', 'IWA158', 18, 1034, 'Revo', 'N 08113657908', '458457', 0),
(38, 'N 6802 GC', 'IWA258', 19, 1035, 'Revo', '081336406192', '765423', 0),
(39, 'N 2003 CX', 'IWA162', 18, 1037, 'Revo', '081336406184', '513504', 0),
(40, 'N 2024 CX ', 'IWA070', 18, 1038, 'Revo', 'N 08113657907', '800190', 0),
(41, 'N 2875 BX', 'IWA159', 18, 1039, 'Revo', '082143801688', '297065', 0),
(42, 'N 2023 CX', 'IWA199', 18, 1040, 'Revo', '082143801686', '878677', 0),
(43, 'N 2015 CX', 'IWA170', 11, 1072, 'Revo', 'N 08113657873', '7696987', 0),
(44, 'N 2007 CX', 'IWA178', 19, 1073, 'Revo', 'N 08113657923', '795029', 0),
(45, 'N 2885 BX', 'IWA176', 16, 1074, 'Revo', 'N 08113657886', '883639', 0),
(46, 'N 2895 BX', 'IWA137', 16, 1041, 'Revo', 'N 08113657871', '145813', 0),
(47, 'N 2876 BX', 'IWA234', 19, 1042, 'Revo', '081235976853', '418524', 0),
(48, 'N 2892 BX', 'IWA149', 16, 1044, 'Revo', 'N 08113657904', '314451', 0),
(49, 'N 2874 BX', 'IWA169', 18, 1045, 'Revo', 'N 08113657938', '777293', 0),
(50, 'N 6929 GC', 'IWA144', 18, 1046, 'Revo', '08113657919', '463193', 0),
(51, 'N 2029 CX', 'IWA172', 11, 1047, 'Revo', 'N 08113657906', '585030', 0),
(52, 'N 2020 CX', 'IWA132', 16, 1048, 'Revo', 'N 08113657912', '196154', 0),
(53, 'N 6798 GC', 'IWA179', 16, 1049, 'Revo', 'N 08113657879', '564191', 0),
(54, 'N 2886 BX', 'IWA148', 11, 1050, 'Revo', 'N 08113657909', '898105', 0),
(55, 'N 2026 CX', 'IWA171', 16, 1051, 'Revo', '081235976390', '609649', 0),
(56, 'N 2893 BX', 'IWA122', 16, 1052, 'Revo', 'N 08113657893', '881594', 0),
(57, 'N 6796 GX', 'IWA166', 16, 1053, 'Revo', 'N 08113654891', '776151', 0),
(58, 'N 2013 CX ', 'IWA151', 19, 1054, 'Revo', 'N 08113657890', '373910', 0),
(59, 'N 6799 GC ', 'IWA256', 19, 1056, 'Revo', '081235976394', '404057', 0),
(60, 'N 2887 BX', 'IWA134', 17, 1057, 'Revo', '081235976378', '253069', 0),
(61, 'N 2025 CX', 'IWA130', 16, 1058, 'Revo', 'N 081330676716', '718067', 0),
(62, 'N 6795 GC', 'IWA129', 16, 1059, 'Revo', 'N 08113657885', '743454', 0),
(63, 'N 2883 BX', 'IWA161', 11, 1061, 'Revo', 'N 08113657894', '805933', 0),
(64, 'N 2031 CX', 'IWA126', 16, 1062, 'Revo', 'N 08113657911', '962374', 0),
(65, 'N 6797 GC', 'IWA139', 19, 1063, 'Revo', 'N 08113657866', '354578', 0),
(66, 'N 2010 CX', 'IWA174', 17, 1064, 'Revo', 'N 081330610872', '957412', 0),
(67, 'N 2006 CX', 'IWA121', 17, 1065, 'Revo', '081235976412', '748533', 0),
(68, 'N 2001 CX', 'IWA152', 17, 1066, 'Revo', '08113657868', '703320', 0),
(69, 'N 2011 CX', 'IWA173', 17, 1067, 'Revo', '081235976388', '826440', 0),
(70, 'N 2004 CX', 'IWA136', 17, 1068, 'Revo', '081235976386', '380798', 0),
(71, 'N 2012 CX', 'IWA128', 17, 1069, 'Revo', '081235976381', '981214', 0),
(72, 'N 2002 CX', 'IWA133', 17, 1070, 'Revo', '081235976408', '871413', 0),
(73, 'N 2032 CX', 'IWA017', 17, 1071, 'Revo', '081235976391', '948760', 0),
(74, 'N 2016 CX', 'IWA164', 19, 1055, 'Revo', '081235976335', '608057', 0),
(75, 'N 6801 GC', 'IWA259', 19, 1075, 'Revo', '081336406194', '288870', 0),
(76, 'N 2884 BX', 'IWA163', 11, 1076, 'Revo', 'N 08113657876', '516161', 0),
(77, 'N 2027 CX', 'IWA168', 11, 1077, 'Revo', 'N 08113657931', '355003', 0),
(78, 'N 1267 AK', 'IWA175', 7, 1112, 'PANTHER', '08113657928', '610866', 0),
(79, 'N 2021 CX', 'IWA131', 17, 1078, 'Revo', '082143801608', '591140', 0),
(80, 'N 2030 CX', 'IWA124', 11, 1079, 'Revo', 'N 08113657895', '693464', 0),
(81, 'M 2', 'IWA257', 12, 1083, '', '08113657924', '359357', 0),
(82, 'X-2401-33', 'IWA201', 5, 1084, 'L-81 A', '08113657920', '327199', 0),
(83, 'N 2022 CX', 'IWA216', 19, 1085, 'Revo', '082143801578', '245858', 0),
(84, 'X-1001-33', 'IWA203', 3, 1086, 'Tombak I', '082143801577', '129401', 0),
(85, 'X-1022-33', 'IWA224', 4, 1087, 'Tombak I A', '08113657900', '868562', 0),
(86, 'X-1021-33', 'IWA246', 4, 1088, 'Tombak I A', '08113657902', '0341524867', 0),
(87, 'X-1023-33', 'IWA245', 4, 1093, 'Tombak III', '081336406196', '270282', 0),
(88, 'N 4987 AS', 'IWA206', 15, 1106, 'Tcc2 Megap', 'N 08113657883', '180369', 0),
(91, 'B 6666 MKA', 'IWA238', 15, 1105, 'MEGAPRO', '081330640607', '255335', 0),
(92, 'X-2201-33', 'IWA214', 5, 1096, 'B-81 A', '081336406168', '685016', 0),
(94, 'X-1030-33', 'IWA223', 4, 1101, 'Tombak IV ', '081336406178', '260539', 0),
(96, 'X-1029-33', 'IWA211', 4, 1099, 'Tombak IV ', '081235976851', '324347', 0),
(97, 'X-2101-33', 'IWA208', 5, 1097, 'K-81 A', '081235976850', '', 0),
(98, 'X-2301-33', 'IWA212', 5, 1095, 'KD-81 A', '08113657884', '899793', 0),
(103, 'X-2071-33', 'IWA185', 14, 1094, 'KIJANG', '081330330676', '122326', 0),
(104, 'X-1003-33', 'IWA230', 3, 1089, 'Tombak II', '082143801583', '576891', 0),
(105, 'X-1024-33', 'IWA254', 4, 1090, 'Tombak II ', 'N 08113657898', '899633', 0),
(106, 'X-1026-33', 'IWA205', 4, 1091, 'Tombak II ', 'N 08113657882', '', 0),
(107, 'X-1025-33', 'IWA232', 4, 1092, 'Tombak II ', 'N 08113657875', '309086', 0),
(109, 'N 2489 AS', 'IWA073', 15, 1109, 'MEGAPRO', '081330534264', '565811', 0),
(110, 'X-1007-33', 'IWA180', 3, 1111, 'Tombak IV', '082143801606', '436990', 0),
(108, 'N 2014 CX', 'IWA218', 19, 1108, 'Revo', 'N 08113657914', '', 0),
(111, 'X-2302-33', 'IWA147', 5, 1113, 'KD 81', 'N 081330682078', '553057', 0),
(118, 'No Pol', 'IDnya', 5, 1037, 'No Lamb', '123456', '1111111', 1);

-- --------------------------------------------------------

--
-- Table structure for table `kategori`
--

CREATE TABLE IF NOT EXISTS `kategori` (
  `jeniskejadianId` int(11) NOT NULL AUTO_INCREMENT,
  `jeniskejadianName` varchar(50) NOT NULL,
  `InsertBy` varchar(50) NOT NULL,
  `UpdateBy` varchar(50) NOT NULL,
  `InsertTime` timestamp NOT NULL DEFAULT CURRENT_TIMESTAMP ON UPDATE CURRENT_TIMESTAMP,
  `UpdateTime` timestamp NOT NULL DEFAULT '0000-00-00 00:00:00',
  `icon` varchar(30) NOT NULL,
  PRIMARY KEY (`jeniskejadianId`)
) ENGINE=InnoDB  DEFAULT CHARSET=latin1 AUTO_INCREMENT=20 ;

--
-- Dumping data for table `kategori`
--

INSERT INTO `kategori` (`jeniskejadianId`, `jeniskejadianName`, `InsertBy`, `UpdateBy`, `InsertTime`, `UpdateTime`, `icon`) VALUES
(1, 'Patwal Mobil', '', '', '2012-05-15 17:07:19', '0000-00-00 00:00:00', 'sedan.png'),
(2, 'BM', '', '', '2012-05-31 00:30:00', '0000-00-00 00:00:00', 'motorpatroli.png'),
(3, 'Sabhara Mobil', '', '', '2012-06-16 12:42:48', '0000-00-00 00:00:00', 'ico_new_1.png'),
(4, 'Sabhara Motor', '', '', '2012-05-15 17:08:18', '0000-00-00 00:00:00', 'motortrail.png'),
(5, '81 Polsek ', '', '', '2012-06-06 15:38:22', '0000-00-00 00:00:00', 'polsek.png'),
(6, 'Administrasi', '', '', '2012-05-15 18:48:29', '0000-00-00 00:00:00', 'admin.png'),
(7, 'Satreskrim Mobil', '', '', '2012-06-16 13:33:55', '0000-00-00 00:00:00', 'patroli.png'),
(8, 'Satbinmas', '', '', '2012-06-16 12:44:27', '0000-00-00 00:00:00', '6A.png'),
(9, 'Intelkam', '', '', '2012-06-02 03:38:16', '0000-00-00 00:00:00', 'admin.png'),
(11, 'BABIN Polsek Sukun', '', '', '2012-06-16 13:38:26', '0000-00-00 00:00:00', '1A.png'),
(12, 'WAKA POLRES', '', '', '2012-06-14 01:08:40', '0000-00-00 00:00:00', '2A.png'),
(14, 'PROVOST', '', '', '2012-06-14 01:04:47', '0000-00-00 00:00:00', 'ico_new_2.png'),
(15, 'Satreskrim Motor', '', '', '2012-06-16 12:13:02', '0000-00-00 00:00:00', 'ico_new_4.png'),
(16, 'BABIN Polsek KD Kandang', '', '', '2012-06-16 13:40:56', '0000-00-00 00:00:00', '1A.png'),
(17, 'BABIN Polsek Klojen', '', '', '2012-06-16 13:44:31', '0000-00-00 00:00:00', '1A.png'),
(18, 'BABIN Polsek Lowokwaru', '', '', '2012-06-16 13:46:28', '0000-00-00 00:00:00', '1A.png'),
(19, 'BABIN Polsek Blimbing', '', '', '2012-06-17 08:52:02', '0000-00-00 00:00:00', '1A.png');

-- --------------------------------------------------------

--
-- Table structure for table `petugas`
--

CREATE TABLE IF NOT EXISTS `petugas` (
  `id` int(11) NOT NULL AUTO_INCREMENT,
  `nip` varchar(20) NOT NULL,
  `nama` varchar(50) NOT NULL,
  `idkesatuan` int(11) NOT NULL,
  `ponsel` varchar(30) NOT NULL,
  `bbm` varchar(15) NOT NULL,
  PRIMARY KEY (`id`),
  KEY `nip` (`nip`)
) ENGINE=MyISAM  DEFAULT CHARSET=latin1 AUTO_INCREMENT=1114 ;

--
-- Dumping data for table `petugas`
--

INSERT INTO `petugas` (`id`, `nip`, `nama`, `idkesatuan`, `ponsel`, `bbm`) VALUES
(1, '', 'Sujono dan Fellys', 1, '081233084470', ''),
(2, '', 'Rony Irawan dan Galih', 1, '03417644894', ''),
(3, '', 'Samsul dan Gunawan', 1, '03415487366', ''),
(999, '', 'Admin', 0, '081333824444', ''),
(1016, '', 'Agoes dan Nanang', 1, '03417369586', ''),
(1017, '', 'Sunarko', 10, '08123399765', ''),
(7, '', 'Bagus A dan Dian ', 11, '081354087161', ''),
(8, '', 'Budi Lwkwr', 1, '03417756007', ''),
(9, '', 'Dian', 3, '03415460654', ''),
(1003, '', 'Wahdiya', 1, '03418172444', ''),
(1004, '', 'Winardi', 1, '03419696090', ''),
(1008, '', 'Dodi', 1, '03415385989', ''),
(1009, '', 'Indra P', 1, '03418111015', ''),
(1010, '', 'Didik', 5, '03419307999', ''),
(1011, '', 'AIPTU Budi Susanto', 3, '03419377071', ''),
(1012, '', 'Samsuri', 3, '03417741186', ''),
(1013, '', 'Sundoyo', 2, '03417767660', ''),
(1014, '', 'Makky', 2, '08123361700', ''),
(1015, '', 'Jainul', 8, '081333838686', ''),
(1018, '', 'Sugeng', 1, '0816556334', ''),
(1019, '', 'Made ', 11, '08133368775', ''),
(1020, '', 'BRIPTU Bambang Sugiono', 3, '0341-9194117', ''),
(1021, '', 'BRIPKA Gunarto', 3, '03417767042', ''),
(1022, '', 'BRIGADIR Puji Untung', 11, '03417003454', ''),
(1023, '', 'AIPTU Wasito Utomo', 3, '085733500340', ''),
(1024, '', 'AIPTU Budi Prasetyo W', 4, '081334138818', ''),
(1025, '', 'AIPDA Zainul Arifin', 11, '081333838686', ''),
(1028, '', 'AIPTU Hari Mardiyanto', 4, '03417613255', ''),
(1029, '', 'AIPTU Suhariyanto', 4, '03415431220', ''),
(1030, '', 'Novianto', 7, '03417473232', ''),
(1031, '', 'AIPTU Edi Puji S', 4, '081330788219', ''),
(1032, '', 'AIPTU Haryanto ', 12, '08123360432', ''),
(1033, '', 'Bambang', 12, '081334138818', ''),
(1034, '', 'AIPDA Helus', 4, '03418188351', ''),
(1035, '', 'AIPTU Luis', 5, '081333054311', ''),
(1039, '', 'AIPTU I Putu Yuda', 4, '081334611055', ''),
(1037, '', 'AIPDA Eko', 4, '082142926299', ''),
(1038, '', 'AIPTU Sukadi', 4, '081334762869', ''),
(1040, '', 'AIPTU Kasimin', 4, '081252032666', ''),
(1041, '', 'BRIGADIR Imam', 6, '03419118730', ''),
(1042, '', 'AIPTU Slamet', 5, '08179604658', ''),
(1109, '', 'BRIPKA Tinggal S', 2, '08123282295', ''),
(1044, '', 'AIPTU Yudho', 6, '03413144833', ''),
(1045, '', 'AIPTU Djoko S', 4, '03417806288', ''),
(1046, '', 'AIPDA Deddy (Lowokwaru)', 12, '085233361518', ''),
(1047, '', 'BRIPKA Agus Widodo', 3, '03417726365', ''),
(1048, '', 'BRIPKA Suhartono (KD Kandang)', 12, '082139229189', ''),
(1049, '', 'AIPTU Agus H ', 12, '03413131231', ''),
(1050, '', 'AIPTU Permana', 3, '03419273199', ''),
(1051, '', 'AIPTU Azhari', 6, '03417581953', ''),
(1052, '', 'BRIGADIR Kusdiono', 6, '03419052948', ''),
(1053, '', 'AIPTU Suyadi', 6, '03417726248', ''),
(1054, '', 'AIPDA Sukirno', 5, '08179613674', ''),
(1055, '', 'BRIPKA Dwi Cahyono', 12, '03419356789', ''),
(1056, '', 'AIPDA Zainul ', 12, '085259030123', ''),
(1057, '', 'AIPTU Abd Karim', 5, '0817536099', ''),
(1058, '', 'AIPTU Sujarwo', 6, '03417741669', ''),
(1059, '', 'AIPTU Suwoto', 6, '03419327500', ''),
(1062, '', 'BRIPKA Ratna Yudi', 6, '03417776444', ''),
(1061, '', 'AIPTU Edi Tri', 3, '081334754125', ''),
(1063, '', 'AIPTU Suwarsito', 5, '081555762591', ''),
(1064, '', 'AIPTU Purwanto', 7, '03417696590', ''),
(1065, '', 'AIPTU Prawoto', 7, '03417029480', ''),
(1066, '', 'AIPTU Sugiyono', 7, '03415406123', ''),
(1067, '', 'BRIGADIR Asmaji', 7, '03414444185', ''),
(1068, '', 'AIPTU Heru', 7, '03416356263', ''),
(1069, '', 'BRIPKA Bambang S (Klojen)', 12, '03417777362', ''),
(1070, '', 'AIPTU Agus SP', 7, '03417313452', ''),
(1071, '', 'AIPTU Santoso', 7, '03417774834', ''),
(1072, '', 'AIPTU Anang Subagio', 3, '03417696987', ''),
(1073, '', 'AIPTU Darto', 5, '081334713973', ''),
(1074, '', 'BRIGADIR Narto', 6, '081555999085 - 0341751553', ''),
(1075, '', 'AIPTU Mulyoto', 5, '03419975289', ''),
(1076, '', 'AIPTU Rudi Wahyudianto', 3, '082143801609 - 037417786646', ''),
(1077, '', 'AIPTU Tri Kuryanto', 3, '03417768355', ''),
(1078, '', 'AIPTU Sutarno', 7, '03413168350', ''),
(1079, '', 'AIPTU Didik Mahfud', 3, '03419107077', ''),
(1080, '', 'AIPTU Riyadi', 7, '03417760877', ''),
(1081, '', 'AIPTU Giyarto', 4, '-', ''),
(1082, '', 'AIPTU Sutarji', 3, '081334438089', ''),
(1083, '', 'BRIPTU S Nugroho', 13, '085234744911', ''),
(1084, '', 'IPDA Murdjito', 4, '03417036686', ''),
(1085, '', 'AIPTU Kasno', 5, '085234203299', '245858'),
(1086, '', 'AIPTU SUPRIYO', 11, '03419641517', ''),
(1087, '', 'BRIPTU Rudi', 11, '03419191555', ''),
(1088, '', 'AIPDA Imam MR', 11, '03417727721', ''),
(1089, '', 'BRIGADIR Edi', 11, '03417475721', ''),
(1090, '', 'BRIPDA Wakcid', 11, '03417805146', ''),
(1091, '', 'BRIPTU Subagio', 11, '08564658269', ''),
(1092, '', 'BRIGADE Hayu', 11, '03417033365', ''),
(1093, '', 'AIPDA Joko Siswo', 11, '03417709934', ''),
(1094, '', 'IPDA I Putu Wiryasa', 14, '0817380617', ''),
(1095, '', 'AIPTU Djumpono', 6, '081944873034', ''),
(1096, '', 'AIPTU Supriyono', 5, '03417289290', ''),
(1097, '', 'BRIPDA Subandi', 7, '081945554178', ''),
(1098, '', 'Kompol Sulistyono - Kapolsek', 3, '03417751398', ''),
(1099, '', 'BRIPKA Hari', 11, '082142363030', ''),
(1106, '', 'BRIGADIR Teguh', 2, '081334797279', ''),
(1101, '', 'BRIPTU Y Arry', 11, '085646717997', ''),
(1105, '', 'BRIPKA Anang', 2, '08123396220', ''),
(1107, '', 'AIPTU Bambang Hariyanto', 3, '03417655669', ''),
(1108, '', 'AIPTU Mujiono', 5, '081555785877', ''),
(1110, '', 'BRIPTU Anton', 11, '0341844445', ''),
(1111, '', 'AIPTU Lesmono', 11, '0812522099899', ''),
(1112, '', 'BRIPKA Purwanto', 2, '03412821282', ''),
(1113, '', 'BRIPKA Eko', 6, '03412314159', '');

/*!40101 SET CHARACTER_SET_CLIENT=@OLD_CHARACTER_SET_CLIENT */;
/*!40101 SET CHARACTER_SET_RESULTS=@OLD_CHARACTER_SET_RESULTS */;
/*!40101 SET COLLATION_CONNECTION=@OLD_COLLATION_CONNECTION */;
